-- Project Repositories

insert into project_repository values('spring-libs-milestone','Spring Milestones','https://repo.spring.io/libs-milestone',false);
insert into project_repository values('spring-libs-release','Spring Releases','https://repo.spring.io/libs-release',false);
insert into project_repository values('spring-libs-snapshot','Spring Snapshots','https://repo.spring.io/libs-snapshot',true);
insert into project_repository values('spring-milestones','Spring Milestones','https://repo.spring.io/libs-milestone',false);
insert into project_repository values('spring-snapshots','Spring Snapshots','https://repo.spring.io/libs-snapshot',true);

-- Projects

insert into project values('platform','Spring IO Platform','http://github.com/spring-io/platform','active','http://platform.spring.io/platform/',false,'spring-io', '', '');
insert into project values('reactor','Reactor Project','https://github.com/reactor/reactor','active','https://github.com/reactor/reactor',false,NULL, '', '');
insert into project values('reactor-core','Reactor Core','https://github.com/reactor/reactor-core','active','https://projectreactor.io',false,'reactor-core,project-reactor', '', '');
insert into project values('spring-amqp','Spring AMQP','http://github.com/spring-projects/spring-amqp','active','http://projects.spring.io/spring-amqp',false,'spring-amqp', '', '');
insert into project values('spring-android','Spring for Android','http://github.com/spring-projects/spring-android','active','http://projects.spring.io/spring-android',false,'spring-android', '', '');
insert into project values('spring-batch','Spring Batch','http://github.com/spring-projects/spring-batch','active','http://projects.spring.io/spring-batch',false,'spring-batch', '', '');
insert into project values('spring-boot','Spring Boot','https://github.com/spring-projects/spring-boot','active','http://projects.spring.io/spring-boot',false,'spring-boot', 'Lorem ipsum dolor sit amet, consectetur adipiscing elit', 'Lorem ipsum dolor sit amet, <a>consectetur</a> adipiscing elit.');
insert into project values('spring-cloud','Spring Cloud','http://github.com/spring-projects/spring-cloud','active','http://projects.spring.io/spring-cloud',true,'spring-cloud', '', '');
insert into project values('spring-cloud-aws','Spring Cloud for Amazon Web Services','http://github.com/spring-cloud/spring-cloud-aws','community','http://cloud.spring.io/spring-cloud-aws',false,'', '', '');
insert into project values('spring-cloud-bus','Spring Cloud Bus','http://github.com/spring-cloud/spring-cloud-bus','incubator','http://cloud.spring.io/spring-cloud-bus',false,'', '', '');
insert into project values('spring-cloud-cli','Spring Cloud CLI','http://github.com/spring-cloud/spring-cloud-cli','active','http://cloud.spring.io/spring-cloud-cli',false,'', '', '');
insert into project values('spring-cloud-cloudfoundry','Spring Cloud for Cloud Foundry','http://github.com/spring-cloud/spring-cloud-cloudfoundry','incubator','http://cloud.spring.io/spring-cloud-cloudfoundry',false,'', '', '');
insert into project values('spring-cloud-cloudfoundry-service-broker','Spring Cloud Cloud Foundry Service Broker','https://github.com/spring-cloud/spring-cloud-cloudfoundry-service-broker','incubator','http://cloud.spring.io/spring-cloud-cloudfoundry-service-broker',false,'', '', '');
insert into project values('spring-cloud-cluster','Spring Cloud Cluster','http://github.com/spring-cloud/spring-cloud-cluster','active','http://cloud.spring.io/spring-cloud-cluster',false,'', '', '');
insert into project values('spring-cloud-commons','Spring Cloud Commons','http://github.com/spring-cloud/spring-cloud-commons','active','http://cloud.spring.io/spring-cloud-commons',false,'spring-cloud', '', '');
insert into project values('spring-cloud-config','Spring Cloud Config','http://github.com/spring-cloud/spring-cloud-config','active','http://cloud.spring.io/spring-cloud-config',false,'spring-cloud', '', '');
insert into project values('spring-cloud-connectors','Spring Cloud Connectors','http://github.com/spring-cloud/spring-cloud-connectors','active','http://spring-cloud.github.io/spring-cloud-connectors',false,'', '', '');
insert into project values('spring-cloud-consul','Spring Cloud Consul','https://github.com/spring-cloud/spring-cloud-consul','active','http://cloud.spring.io/spring-cloud-consul',false,'spring-cloud', '', '');
insert into project values('spring-cloud-contract','Spring Cloud Contract','https://github.com/spring-cloud/spring-cloud-contract','active','http://cloud.spring.io/spring-cloud-contract/',false,'spring-cloud', '', '');
insert into project values('spring-cloud-data','spring-cloud-data','https://github.com/spring-cloud/spring-cloud-data','incubator','http://cloud.spring.io/spring-cloud-data',false,'', '', '');
insert into project values('spring-cloud-dataflow','Spring Cloud Data Flow','https://github.com/spring-cloud/spring-cloud-dataflow','active','http://cloud.spring.io/spring-cloud-dataflow',false,'spring-cloud-dataflow', '', '');
insert into project values('spring-cloud-dataflow-server-cloudfoundry','Spring Cloud Data Flow for Cloud Foundry','https://github.com/spring-cloud/spring-cloud-dataflow-server-cloudfoundry','active','http://cloud.spring.io/spring-cloud-dataflow-server-cloudfoundry/',false,'', '', '');
insert into project values('spring-cloud-dataflow-server-kubernetes','Spring Cloud Data Flow for Kubernetes','https://github.com/spring-cloud/spring-cloud-dataflow-server-kubernetes','active','http://cloud.spring.io/spring-cloud-dataflow-server-kubernetes/',false,'', '', '');
insert into project values('spring-cloud-dataflow-server-mesos','Spring Cloud Data Flow for Apache Mesos','https://github.com/spring-cloud/spring-cloud-dataflow-server-mesos','active','http://cloud.spring.io/spring-cloud-dataflow-server-mesos',false,'', '', '');
insert into project values('spring-cloud-dataflow-server-yarn','Spring Cloud Data Flow for Apache YARN','https://github.com/spring-cloud/spring-cloud-dataflow-server-yarn','active','http://cloud.spring.io/spring-cloud-dataflow-server-yarn/',false,'', '', '');
insert into project values('spring-cloud-function','Spring Cloud Function','http://github.com/spring-cloud/spring-cloud-function','active','http://cloud.spring.io/spring-cloud-function',false,'spring-cloud', '', '');
insert into project values('spring-cloud-gateway','Spring Cloud Gateway','https://github.com/spring-cloud/spring-cloud-gateway','active','http://cloud.spring.io/spring-cloud-gateway/',false,'spring-cloud', '', '');
insert into project values('spring-cloud-gcp','Spring Cloud GCP','http://github.com/spring-cloud/spring-cloud-gcp','active','http://cloud.spring.io/spring-cloud-gcp',false,'spring-cloud-gcp', '', '');
insert into project values('spring-cloud-netflix','Spring Cloud Netflix','http://github.com/spring-cloud/spring-cloud-netflix','active','http://cloud.spring.io/spring-cloud-netflix',false,'spring-cloud', '', '');
insert into project values('spring-cloud-pipelines','Spring Cloud Pipelines','https://github.com/spring-cloud/spring-cloud-pipelines','active','http://cloud.spring.io/spring-cloud-pipelines',false,'spring-cloud,spring-cloud-pipelines', '', '');
insert into project values('spring-cloud-security','Spring Cloud Security','http://github.com/spring-cloud/spring-cloud-security','incubator','http://cloud.spring.io/spring-cloud-security',false,'spring-cloud', '', '');
insert into project values('spring-cloud-sleuth','Spring Cloud Sleuth','http://github.com/spring-cloud/spring-cloud-sleuth','active','http://cloud.spring.io/spring-cloud-sleuth',false,'spring-cloud', '', '');
insert into project values('spring-cloud-spinnaker','Spring Cloud Spinnaker','https://github.com/spring-cloud/spring-cloud-spinnaker','active','https://cloud.spring.io/spring-cloud-spinnaker/',false,'spinnaker', '', '');
insert into project values('spring-cloud-stream','Spring Cloud Stream','http://github.com/spring-cloud/spring-cloud-stream','active','http://cloud.spring.io/spring-cloud-stream',false,'spring-cloud-stream', '', '');
insert into project values('spring-cloud-stream-app-starters','Spring Cloud Stream App Starters','http://github.com/spring-cloud/spring-cloud-stream-app-starters','active','http://cloud.spring.io/spring-cloud-stream-app-starters',false,'', '', '');
insert into project values('spring-cloud-task','Spring Cloud Task','http://github.com/spring-cloud/spring-cloud-task','active','http://cloud.spring.io/spring-cloud-task',false,'spring-cloud-task', '', '');
insert into project values('spring-cloud-task-app-starters','Spring Cloud Task App Starters','http://github.com/spring-cloud/spring-cloud-task-app-starters','active',' http://cloud.spring.io/spring-cloud-task-app-starters',false,'', '', '');
insert into project values('spring-cloud-vault','Spring Cloud Vault','http://github.com/spring-cloud/spring-cloud-vault','active','http://cloud.spring.io/spring-cloud-vault/',false,'spring-cloud', '', '');
insert into project values('spring-cloud-vault-config','Spring Cloud Vault','http://github.com/spring-cloud/spring-cloud-vault-config','active','http://cloud.spring.io/spring-cloud-vault-config',false,'', '', '');
insert into project values('spring-cloud-zookeeper','Spring Cloud Zookeeper','https://github.com/spring-cloud/spring-cloud-zookeeper','active','http://cloud.spring.io/spring-cloud-zookeeper',false,'spring-cloud', '', '');
insert into project values('spring-credhub','Spring CredHub','https://github.com/spring-projects/spring-credhub','active','https://projects.spring.io/spring-credhub',false,'spring-credhub', '', '');
insert into project values('spring-data','Spring Data','http://github.com/spring-projects/spring-data','active','http://projects.spring.io/spring-data',true,'spring-data,spring-data-jpa,spring-data-neo4j,spring-data-mongodb,spring-data-rest,spring-data-solr,spring-data-gemfire,spring-data-elasticsearch,spring-data-couchbase,spring-data-cassandra,spring-data-redis', '', '');
insert into project values('spring-data-cassandra','Spring Data for Apache Cassandra','http://github.com/spring-projects/spring-data-cassandra','incubator','http://projects.spring.io/spring-data-cassandra',false,'', '', '');
insert into project values('spring-data-commons','Spring Data Commons','http://github.com/spring-projects/spring-data-commons','active','http://projects.spring.io/spring-data-commons',false,'', '', '');
insert into project values('spring-data-couchbase','Spring Data Couchbase','http://github.com/spring-projects/spring-data-couchbase','incubator','http://projects.spring.io/spring-data-couchbase',false,'', '', '');
insert into project values('spring-data-elasticsearch','Spring Data Elasticsearch','http://github.com/spring-projects/spring-data-elasticsearch','incubator','http://projects.spring.io/spring-data-elasticsearch',false,'', '', '');
insert into project values('spring-data-envers','Spring Data Envers','http://github.com/spring-projects/spring-data-envers','active','http://projects.spring.io/spring-data-envers/',false,'', '', '');
insert into project values('spring-data-gemfire','Spring Data GemFire','http://github.com/spring-projects/spring-data-gemfire','active','http://projects.spring.io/spring-data-gemfire',false,'', '', '');
insert into project values('spring-data-graph','Spring Data Graph','http://github.com/spring-projects/spring-data-graph','attic','',false,NULL, '', '');
insert into project values('spring-data-jdbc-ext','Spring Data JDBC Extensions','http://github.com/spring-projects/spring-data-jdbc-ext','active','http://projects.spring.io/spring-data-jdbc-ext',false,'', '', '');
insert into project values('spring-data-jpa','Spring Data JPA','http://github.com/spring-projects/spring-data-jpa','active','http://projects.spring.io/spring-data-jpa',false,'', '', '');
insert into project values('spring-data-ldap','Spring Data LDAP','http://github.com/spring-projects/spring-data-ldap','active','http://projects.spring.io/spring-data-ldap',false,'', '', '');
insert into project values('spring-data-mongodb','Spring Data MongoDB','http://github.com/spring-projects/spring-data-mongodb','active','http://projects.spring.io/spring-data-mongodb',false,'', '', '');
insert into project values('spring-data-neo4j','Spring Data Neo4J','http://github.com/spring-projects/spring-data-neo4j','active','http://projects.spring.io/spring-data-neo4j',false,'', '', '');
insert into project values('spring-data-redis','Spring Data Redis','http://github.com/spring-projects/spring-data-redis','active','http://projects.spring.io/spring-data-redis',false,'', '', '');
insert into project values('spring-data-rest','Spring Data REST','http://github.com/spring-projects/spring-data-rest','active','http://projects.spring.io/spring-data-rest',false,'', '', '');
insert into project values('spring-data-solr','Spring Data for Apache Solr','http://github.com/spring-projects/spring-data-solr','active','http://projects.spring.io/spring-data-solr',false,'', '', '');
insert into project values('spring-flex','Spring Flex','http://github.com/spring-projects/spring-flex','attic','http://projects.spring.io/spring-flex',false,'', '', '');
insert into project values('spring-flo','Spring Flo','https://github.com/spring-projects/spring-flo','incubator','http://projects.spring.io/spring-flo/',false,'', '', '');
insert into project values('spring-framework','Spring Framework','http://github.com/spring-projects/spring-framework','active','http://projects.spring.io/spring-framework',false,'spring,spring-mvc,spring-aop,spring-jdbc,spring-transactions,spring-annotations,spring-jms,spring-el,spring-test,spring-java-config,spring-remoting,spring-orm,spring-jmx,spring-cache,spring-webflux', '', '');
insert into project values('spring-hadoop','Spring for Apache Hadoop','http://github.com/spring-projects/spring-hadoop','active','http://projects.spring.io/spring-hadoop',false,'', '', '');
insert into project values('spring-hateoas','Spring HATEOAS','http://github.com/spring-projects/spring-hateoas','active','http://projects.spring.io/spring-hateoas',false,'spring-hateoas', '', '');
insert into project values('spring-integration','Spring Integration','http://github.com/spring-projects/spring-integration','active','http://projects.spring.io/spring-integration',false,'spring-integration', '', '');
insert into project values('spring-integration-dsl-groovy','Spring Integration Groovy DSL','http://github.com/spring-projects/spring-integration-dsl-groovy','incubator','',false,NULL, '', '');
insert into project values('spring-integration-dsl-scala','Spring Integration Scala DSL','http://github.com/spring-projects/spring-integration-dsl-scala','incubator','',false,NULL, '', '');
insert into project values('spring-kafka','Spring for Apache Kafka','http://github.com/spring-projects/spring-kafka','incubator','http://projects.spring.io/spring-kafka',false,'', '', '');
insert into project values('spring-ldap','Spring LDAP','http://github.com/spring-projects/spring-ldap','active','http://projects.spring.io/spring-ldap',false,'spring-ldap', '', '');
insert into project values('spring-mobile','Spring Mobile','http://github.com/spring-projects/spring-mobile','active','http://projects.spring.io/spring-mobile',false,'spring-mobile', '', '');
insert into project values('spring-plugin','Spring Plugin','http://github.com/spring-projects/spring-plugin','incubator','http://projects.spring.io/spring-plugin',false,'', '', '');
insert into project values('spring-restdocs','Spring REST Docs','http://github.com/spring-projects/spring-restdocs','active','http://projects.spring.io/spring-restdocs',false,'spring-restdocs', '', '');
insert into project values('spring-roo','Spring Roo','http://github.com/spring-projects/spring-roo','active','http://projects.spring.io/spring-roo',false,'', '', '');
insert into project values('spring-scala','Spring Scala','http://hub.darcs.net/psnively/spring-scala','attic','http://hub.darcs.net/psnively/spring-scala',false,'', '', '');
insert into project values('spring-security','Spring Security','http://github.com/spring-projects/spring-security','active','http://projects.spring.io/spring-security',false,'spring-security,spring-security-oauth2,spring-security-kerberos', '', '');
insert into project values('spring-security-kerberos','Spring Security Kerberos','http://github.com/spring-projects/spring-security-kerberos','active','http://projects.spring.io/spring-security-kerberos/',false,'', '', '');
insert into project values('spring-security-oauth','Spring Security OAuth','http://github.com/spring-projects/spring-security-oauth','active','http://projects.spring.io/spring-security-oauth',false,'spring-security-oauth2', '', '');
insert into project values('spring-security-saml','Spring Security SAML','http://github.com/spring-projects/spring-security-saml','incubator','http://docs.spring.io/spring-security/site/extensions/saml/',false,'', '', '');
insert into project values('spring-session','Spring Session','http://github.com/spring-projects/spring-session','active','http://projects.spring.io/spring-session/',false,'spring-session', '', '');
insert into project values('spring-session-data-mongodb','Spring Session MongoDB','http://github.com/spring-projects/spring-session-data-mongodb','active','http://projects.spring.io/spring-session-data-mongodb',false,'', '', '');
insert into project values('spring-shell','Spring Shell','http://github.com/spring-projects/spring-shell','active','http://projects.spring.io/spring-shell',false,'spring-shell', '', '');
insert into project values('spring-social','Spring Social','http://github.com/spring-projects/spring-social','active','http://projects.spring.io/spring-social',false,'spring-social,spring-social-facebook,spring-social-linkedin,spring-social-google', '', '');
insert into project values('spring-social-facebook','Spring Social Facebook','http://github.com/spring-projects/spring-social-facebook','active','http://projects.spring.io/spring-social-facebook',false,'', '', '');
insert into project values('spring-social-github','Spring Social GitHub','http://github.com/spring-projects/spring-social-github','incubator','http://projects.spring.io/spring-social-github',false,NULL, '', '');
insert into project values('spring-social-linkedin','Spring Social LinkedIn','http://github.com/spring-projects/spring-social-linkedin','incubator','http://projects.spring.io/spring-social-linkedin',false,NULL, '', '');
insert into project values('spring-social-tripit','Spring Social TripIt','http://github.com/spring-projects/spring-social-tripit','incubator','http://projects.spring.io/spring-social-tripit',false,NULL, '', '');
insert into project values('spring-social-twitter','Spring Social Twitter','http://github.com/spring-projects/spring-social-twitter','active','http://projects.spring.io/spring-social-twitter',false,NULL, '', '');
insert into project values('spring-statemachine','Spring Statemachine','http://github.com/spring-projects/spring-statemachine','active','http://projects.spring.io/spring-statemachine',false,'spring-statemachine', '', '');
insert into project values('spring-test-htmlunit','Spring Test HtmlUnit','http://github.com/spring-projects/spring-test-htmlunit','active','http://projects.spring.io/spring-test-htmlunit',false,'', '', '');
insert into project values('spring-test-mvc','Spring Test MVC','http://github.com/spring-projects/spring-test-mvc','attic','',false,NULL, '', '');
insert into project values('spring-vault','Spring Vault','http://github.com/spring-projects/spring-vault','active','http://projects.spring.io/spring-vault',false,'spring-vault', '', '');
insert into project values('spring-webflow','Spring Web Flow','http://github.com/spring-projects/spring-webflow','active','http://projects.spring.io/spring-webflow',false,'spring-webflow,spring-webflow-2', '', '');
insert into project values('spring-ws','Spring Web Services','http://github.com/spring-projects/spring-ws','active','http://projects.spring.io/spring-ws',false,'spring-ws', '', '');
insert into project values('spring-xd','Spring XD','http://github.com/spring-projects/spring-xd','attic','http://projects.spring.io/spring-xd',false,'spring-xd', '', '');

-- Project releases

INSERT INTO project_release_list values('spring-boot',NULL,'http://docs.spring.io/spring-boot/docs/1.4.7.RELEASE/api/','spring-boot','org.springframework.boot',false,'http://docs.spring.io/spring-boot/docs/1.4.7.RELEASE/reference/htmlsingle/',2,'1.4.7.RELEASE');
INSERT INTO project_release_list values('spring-boot',NULL,'http://docs.spring.io/spring-boot/docs/1.5.7.RELEASE/api/','spring-boot','org.springframework.boot',true,'http://docs.spring.io/spring-boot/docs/1.5.7.RELEASE/reference/htmlsingle/',2,'1.5.7.RELEASE');
INSERT INTO project_release_list values('spring-boot','spring-snapshots','http://docs.spring.io/spring-boot/docs/1.5.8.BUILD-SNAPSHOT/api/','spring-boot','org.springframework.boot',false,'http://docs.spring.io/spring-boot/docs/1.5.8.BUILD-SNAPSHOT/reference/htmlsingle/',0,'1.5.8.BUILD-SNAPSHOT');
INSERT INTO project_release_list values('spring-boot','spring-snapshots','http://docs.spring.io/spring-boot/docs/2.0.0.BUILD-SNAPSHOT/api/','spring-boot','org.springframework.boot',false,'http://docs.spring.io/spring-boot/docs/2.0.0.BUILD-SNAPSHOT/reference/htmlsingle/',0,'2.0.0.BUILD-SNAPSHOT');
INSERT INTO project_release_list values('spring-boot','spring-milestones','http://docs.spring.io/spring-boot/docs/2.0.0.M4/api/','spring-boot','org.springframework.boot',false,'http://docs.spring.io/spring-boot/docs/2.0.0.M4/reference/htmlsingle/',1,'2.0.0.M4');
INSERT INTO project_release_list values('platform',NULL,'','platform','io.spring.platform',false,'https://docs.spring.io/platform/docs/Athens-SR6/reference/htmlsingle/',2,'Athens-SR6');
INSERT INTO project_release_list values('platform','spring-snapshots','','platform ','io.spring.platform',false,'https://docs.spring.io/platform/docs/Brussels-BUILD-SNAPSHOT/reference/htmlsingle/',0,'Brussels-BUILD-SNAPSHOT');
INSERT INTO project_release_list values('platform',NULL,'','platform','io.spring.platform',false,'https://docs.spring.io/platform/docs/Brussels-SR4/reference/htmlsingle/',2,'Brussels-SR4');
INSERT INTO project_release_list values('spring-framework',NULL,'http://docs.spring.io/spring/docs/3.2.18.RELEASE/javadoc-api/','spring-context','org.springframework',false,'http://docs.spring.io/spring/docs/3.2.18.RELEASE/spring-framework-reference/htmlsingle/',2,'3.2.18.RELEASE');
INSERT INTO project_release_list values('spring-framework',NULL,'http://docs.spring.io/spring/docs/4.2.9.RELEASE/javadoc-api/','spring-context','org.springframework',false,'http://docs.spring.io/spring/docs/4.2.9.RELEASE/spring-framework-reference/htmlsingle/',2,'4.2.9.RELEASE');
INSERT INTO project_release_list values('spring-framework',NULL,'http://docs.spring.io/spring/docs/current/javadoc-api/','spring-context','org.springframework',true,'http://docs.spring.io/spring/docs/current/spring-framework-reference/htmlsingle/',2,'4.3.11.RELEASE');
INSERT INTO project_release_list values('spring-framework','spring-snapshots','http://docs.spring.io/spring/docs/4.3.12.BUILD-SNAPSHOT/javadoc-api/','spring-context','org.springframework',false,'http://docs.spring.io/spring/docs/4.3.12.BUILD-SNAPSHOT/spring-framework-reference/htmlsingle/',0,'4.3.12.BUILD-SNAPSHOT');
INSERT INTO project_release_list values('spring-framework','spring-snapshots','http://docs.spring.io/spring/docs/5.0.0.BUILD-SNAPSHOT/javadoc-api/','spring-context','org.springframework',false,'http://docs.spring.io/spring/docs/5.0.0.BUILD-SNAPSHOT/spring-framework-reference/',0,'5.0.0.BUILD-SNAPSHOT');
INSERT INTO project_release_list values('spring-framework','spring-milestones','http://docs.spring.io/spring/docs/5.0.0.RC4/javadoc-api/','spring-context','org.springframework',false,'http://docs.spring.io/spring/docs/5.0.0.RC4/spring-framework-reference/',1,'5.0.0.RC4');
